#,Zeta,Precision,Type
1,4,0.069444444,P_{Textual}
2,8,0.078125,P_{Textual}
3,12,0.095454545,P_{Textual}
4,16,0.097368421,P_{Textual}
5,20,0.127777778,P_{Textual}
6,22,0.172916667,P_{Textual}
7,4,0.053703704,P_{Conceptual}
8,8,0.058333333,P_{Conceptual}
9,12,0.06969697,P_{Conceptual}
10,16,0.071929825,P_{Conceptual}
11,20,0.096296296,P_{Conceptual}
12,22,0.126388889,P_{Conceptual}
